{
  "trigger": true,
  "modules": [
    "custom"
  ],
  "parentResource": "ailenhairstylist2e93302e2",
  "functionName": "ailenhairstylist2e93302e2PreSignup",
  "resourceName": "ailenhairstylist2e93302e2PreSignup",
  "parentStack": "auth",
  "triggerEnvs": "[]",
  "triggerDir": "C:\\snapshot\\amplify-cli\\build\\node_modules\\@aws-amplify\\amplify-category-auth\\provider-utils\\awscloudformation\\triggers\\PreSignup",
  "triggerTemplate": "PreSignup.json.ejs",
  "triggerEventPath": "PreSignup.event.json",
  "roleName": "ailenhairstylist2e93302e2PreSignup",
  "skipEdit": true,
  "permissions": {
    "api": {
      "ailenhairstylist2": [
        "Mutation"
      ]
    }
  }
}