{
  "api": {
    "ailenhairstylist2": {
      "dependsOn": [],
      "output": {
        "authConfig": {
          "additionalAuthenticationProviders": [
            {
              "authenticationType": "AWS_IAM"
            }
          ],
          "defaultAuthentication": {
            "apiKeyConfig": {
              "apiKeyExpirationDays": 30,
              "description": "api key description"
            },
            "authenticationType": "API_KEY"
          }
        }
      },
      "providerPlugin": "awscloudformation",
      "service": "AppSync"
    },
    "instagramapi": {
      "dependsOn": [
        {
          "attributes": [
            "Name",
            "Arn"
          ],
          "category": "function",
          "resourceName": "instagramfunction"
        }
      ],
      "providerPlugin": "awscloudformation",
      "service": "API Gateway"
    }
  },
  "auth": {
    "ailenhairstylist2e93302e2": {
      "customAuth": false,
      "dependsOn": [
        {
          "attributes": [
            "Arn",
            "Name"
          ],
          "category": "function",
          "resourceName": "ailenhairstylist2e93302e2PreSignup",
          "triggerProvider": "Cognito"
        }
      ],
      "frontendAuthConfig": {
        "mfaConfiguration": "OFF",
        "mfaTypes": [
          "SMS"
        ],
        "passwordProtectionSettings": {
          "passwordPolicyCharacters": [],
          "passwordPolicyMinLength": 8
        },
        "signupAttributes": [
          "EMAIL"
        ],
        "socialProviders": [],
        "usernameAttributes": [],
        "verificationMechanisms": [
          "EMAIL"
        ]
      },
      "providerPlugin": "awscloudformation",
      "service": "Cognito"
    }
  },
  "function": {
    "ailenhairstylist22b6ec82d": {
      "build": true,
      "dependsOn": [
        {
          "attributes": [
            "GraphQLAPIIdOutput",
            "GraphQLAPIEndpointOutput"
          ],
          "category": "api",
          "resourceName": "ailenhairstylist2"
        }
      ],
      "providerPlugin": "awscloudformation",
      "service": "Lambda"
    },
    "ailenhairstylist2e93302e2PreSignup": {
      "build": true,
      "dependsOn": [
        {
          "attributes": [
            "GraphQLAPIIdOutput",
            "GraphQLAPIEndpointOutput",
            "GraphQLAPIKeyOutput"
          ],
          "category": "api",
          "resourceName": "ailenhairstylist2"
        }
      ],
      "providerPlugin": "awscloudformation",
      "service": "Lambda"
    },
    "instagramfunction": {
      "build": true,
      "dependsOn": [],
      "providerPlugin": "awscloudformation",
      "service": "Lambda"
    }
  },
  "parameters": {
    "AMPLIFY_function_ailenhairstylist22b6ec82d_deploymentBucketName": {
      "usedBy": [
        {
          "category": "function",
          "resourceName": "ailenhairstylist22b6ec82d"
        }
      ]
    },
    "AMPLIFY_function_ailenhairstylist22b6ec82d_s3Key": {
      "usedBy": [
        {
          "category": "function",
          "resourceName": "ailenhairstylist22b6ec82d"
        }
      ]
    },
    "AMPLIFY_function_ailenhairstylist22b6ec82d_sesEmail": {
      "usedBy": [
        {
          "category": "function",
          "resourceName": "ailenhairstylist22b6ec82d"
        }
      ]
    },
    "AMPLIFY_function_ailenhairstylist2e93302e2PreSignup_deploymentBucketName": {
      "usedBy": [
        {
          "category": "function",
          "resourceName": "ailenhairstylist2e93302e2PreSignup"
        }
      ]
    },
    "AMPLIFY_function_ailenhairstylist2e93302e2PreSignup_s3Key": {
      "usedBy": [
        {
          "category": "function",
          "resourceName": "ailenhairstylist2e93302e2PreSignup"
        }
      ]
    },
    "AMPLIFY_function_instagramfunction_deploymentBucketName": {
      "usedBy": [
        {
          "category": "function",
          "resourceName": "instagramfunction"
        }
      ]
    },
    "AMPLIFY_function_instagramfunction_s3Key": {
      "usedBy": [
        {
          "category": "function",
          "resourceName": "instagramfunction"
        }
      ]
    },
    "AMPLIFY_function_instagramfunction_secretsPathAmplifyAppId": {
      "usedBy": [
        {
          "category": "function",
          "resourceName": "instagramfunction"
        }
      ]
    },
    "AMPLIFY_function_instagramfunction_token": {
      "usedBy": [
        {
          "category": "function",
          "resourceName": "instagramfunction"
        }
      ]
    },
    "AMPLIFY_function_instagramfunction_userid": {
      "usedBy": [
        {
          "category": "function",
          "resourceName": "instagramfunction"
        }
      ]
    }
  },
  "storage": {
    "s3ailenhairstylist2storagedb7b9f38": {
      "dependsOn": [],
      "providerPlugin": "awscloudformation",
      "service": "S3"
    }
  }
}